,reviewId,userName,userImage,content,score,thumbsUpCount,reviewCreatedVersion,at,replyContent,repliedAt,appVersion
0,e602a820-fc38-40b3-97b6-6d857dbb761a,Maykel Siregar,https://play-lh.googleusercontent.com/a/ACg8ocLawBnm6xs2bXfvpZTwTBWj8h6qlJhRpF-N_aRipxxX=mo,Saya sangat menyukai game ini.... Tingkatkan terusss... Performance nya... Soalnya saya sering afk gara2 Lag nya jaringan.... Padahal memori masih byk nya 6Gb ruang kosong... Tolong min ditingkatkan konektivitasnya iya utk Hp2 Standar.. agar dapat bermain lebih baik lagi.,5,491,1.8.21.8943,2023-10-18 12:59:20,,,1.8.21.8943
1,d2527cb4-2c8b-421e-aa66-2950f4fe7292,Resya Muhammad,https://play-lh.googleusercontent.com/a/ACg8ocJ7uMO9_DkdpRS340IebMUQnkM6fwYNfhF90Og64D2J=mo,"Semenjak update UI baru yang ""KATANYA"" lebih baik dan lebih hemat penyimpanan malah jadi penyebab lag parah. Udah beberapa hari dan hampir seminggu main selalu lag, padahal jaringan WIFI baik baik aja, sampai beli kuota nih tapi masih aja lag parah pas di dalam gameplay. Soal penyimpanan emang bener lebih kecil dari sebelumnya tapi tetap aja kadang di tetap di paksa download data tampilan skin di in-game, yang bagi saya pribadi itu ga begitu penting. Perbaiki lagi lah moonton sistem jaringannya.",2,3413,1.8.20.8941,2023-10-12 01:56:18,,,1.8.20.8941
2,236345a5-edd9-4312-a485-e168275e228a,Edo Desando,https://play-lh.googleusercontent.com/a-/ALV-UjUXPPTSa-V6YIO5zapdKeVe8UFSSZbJGjFiOuXkK8zfa-Q,"Update UI yang berat, grafik mengalami penurunan. redesign/revamp model hero yang sangat aneh, semua hero memiliki wajah yang sama, tidak ada yang unik dari setiap tampilan hero, seperti model buatan AI. Sistem gameplay diubah menjadi permainan cepat sehingga banyak hero atau item yang tidak seimbang",1,5161,1.8.20.8941,2023-10-09 13:56:47,,,1.8.20.8941
3,13ceb31f-9a6d-4483-80ce-d0eb40e2c7a3,Ramadhani Hanung,https://play-lh.googleusercontent.com/a/ACg8ocI9hTKu33aVAJrhGIq_PsI1sqFEyIwTtD3mlrm9eG1q=mo,Bisa sedikit di perjelas untuk sistem. Ini saya berkali kali main selalu saja kalau mau menang pasti lag parah mau pakai wifi mau pakai data. Terus kalau emang bukan dari sistem kesalahanya minimal di fungsikan lah ajubanding nya masak udah ngasih alesan credit skor tetep gak nambah.perbaiki lah masalah jaringan jangan skin terus yang di tambah jaringan di telantarin.,3,397,1.8.20.8941,2023-10-10 11:43:57,,,1.8.20.8941
4,89b811e6-5008-4e5d-b0e5-35499cf30184,Hayyi Ghara,https://play-lh.googleusercontent.com/a-/ALV-UjWK1WDHUHQaMaW173-0-16G0d62A18MOWgL53MYipA7txKE,Kenapa draft selalu dapat team goblokkk semua. Sering update tapi vidio highlight tidak ada gambar cuma suara payah. Buka pengaturan kenapa yang di tuju highlight padahal tujuan utama pilih pgtran tidak ke lihat vidio saja. Sudah ke vidio tp g ada gambar cuma suara,1,52,1.8.21.8943,2023-10-18 05:21:16,,,1.8.21.8943
5,a3e4639f-a745-448d-b0f3-8c760a9168c8,Nemico P7-N,https://play-lh.googleusercontent.com/a-/ALV-UjVJJQyFGqHHIbLBMBFfmWniVeVoTWX-q09VH8kkL9E12As,"Tampilan UI nya Hapus saja, GPU jadi Berat. Untuk Update Resource Otomatis Hilangkan ! Itu Membuat Cache/Sampah data Makin Banyak & Membuat Delay Layar ( Patah¬≤ ). Cuy,, Hape Diatas 8 Juta belum mampu bermain Lancar, Koneksi Stabil & Rate 60 jg masih Lag. Ada apa Dengan Kalian? .. Cuan ? HD gk penting, Utamakan Nyaman TOD ! Toh Hadiah Gratisan / Event kebanyakan isinya Sampah . Buat Player : Sayangi Uang kalian, Top Up itu gk Berguna. !",1,258,1.8.21.8943,2023-10-14 22:49:34,,,1.8.21.8943
6,166282df-55c1-4883-8bec-35dea40ee067,Yusuf Aly,https://play-lh.googleusercontent.com/a-/ALV-UjWmEPQh_YpljK2LXf45GzCThuyh4oqM4WF9lPajvbN5VII,"Heloo boss, tolong kalo mau update itu di pastikan dulu, walaupun sudah ada advance server, tapi update selalu terkesan tidak imbang, setelah update pasti selalu banyak bug yang terjadi baik di luar maupun di dalam game, sering terjadi adalah drop frame rate saat setelah update , padahal jaringan aman dan tersambung dengan wifi (double jaringan). Saran saya daripada update interface, mendingan update map yang lebih oke, atau mungkin map dimunculkan fow yang lebih jelas dalam map.",1,3287,1.8.8.8811,2023-09-20 05:52:12,,,1.8.8.8811
7,e4b1fabe-abf1-4164-9e14-f6cafdb49917,siapa ajalah,https://play-lh.googleusercontent.com/a/ACg8ocLvikEfpmMvnxWsW9ix6Q6aLBBT78N9rcw-Ac8Fc4l2=mo,"Sebenarnya game ini bagus, cuman mohon untuk memperbaiki macthmaking nya moonton (terutama pada rekan tim) sehingga bisa seimbang, jangan ngasih musuh yang jago, sedangkan rekan tim kaya bot susah untuk menaikkan bintang apalagi di rank, banyak ku temui rekan tim yang tidak mau bekerja sama ada yang nge feed dari early sampai late game bahkan main semaunya sendiri. Tolong untuk pihak developer untuk memperbaiki sistem macthmaking ,Dan pada season 30 sering terjadi frame.",1,13475,1.8.20.8941,2023-09-29 07:59:26,,,1.8.20.8941
8,7b62abc7-c275-4013-8e6d-78e74cfa3448,Rio Chandra,https://play-lh.googleusercontent.com/a/ACg8ocIO3XBCayxObblSYnCxgxMipOhPguxBZflHNgUDnWw=mo,"Lebih baik pas S29, tidak banyak bug, jaringan stabil, di game tidak berat.. Di season 30 ini banyak perubahan, membuat kami tidak nyaman bermain.. Terutama yg memiliki hp yg minim ram.. Saya menggunakan jaringan ganda wifi serta selular pun tetap terasa lag, jaringan buruk atau tidak stabil, masalahnya dimana? Ram 4gb, memori telepon tersedia 11gb, memory external tersedia 21gb tapi tetap kena lag dan berat saat bermain.. Bukan kualitas HD saja yg kami inginkan, tapi kenyamanan saat bermain jg",2,14402,1.8.20.8941,2023-09-25 03:50:30,"Dear Hero,
Terima kasih atas tanggapan Anda, sudah kami catat. Kami akan membahas masalah dengan serius dan berusaha untuk meningkatkan pengalaman game yang sesuai. Jika Anda memiliki pertanyaan atau saran lebih lanjut, jangan ragu untuk menghubungi CS in-game, kami akan membantu Anda sesegera mungkin.",2023-09-25 07:39:37,1.8.20.8941
9,50613f42-7958-4d1e-9258-018ec1b18da0,Hafsha Hanifa,https://play-lh.googleusercontent.com/a/ACg8ocKKs1bwRBIMoeQj37Q0SdiSxjpQONBuqrunhx1b54wV=mo,Jaringan tidak stabil dan apknya semakin berat. Tolong ciptakan fitur untuk memilih jenis resource (yang lebih spesifik) yang ingin di download dan kembalikan fitur pause download resource. Mungkin saja jaringan lambat karena bermain sambil download resource. Dan dengan seperti itu mungkin apknya akan jadi jauh lebih ringan sehingga yang hp kentang bisa main dgn nyaman juga,1,1845,1.8.20.8941,2023-10-16 09:58:22,,,1.8.20.8941
10,5b5ca662-08b0-4d4d-b256-dd65ec2524a5,Muhammad Gilang,https://play-lh.googleusercontent.com/a/ACg8ocLAgzz74NH8nZCaYZSNv5Z--8cT2H7J9eZLw43vIFcL=mo,"Mohon kerjasama tolong perbaikan masalah sinyal disaat war merah ijo terus tapi disaat mati langsung bajus, dan lagi tolong dipertimbangkan lagi rekan 1tim sangat tidak seimbang dengan musuhnya. Mobile legends sekarang makin berat. Menurut saya gamenya udah bagus seru ,banyak pelajaran yg bisa diambil.",1,796,1.8.20.8941,2023-10-01 16:49:21,,,1.8.20.8941
11,1d4438ec-65d4-43ad-9c50-413534717ca5,KING Mardhan,https://play-lh.googleusercontent.com/a-/ALV-UjXOJ8tF1ePkkhGwsCsiTi7AteC5wgNHvQenDyWY7GbhuB4,"Kenapa setelah update, kualitas koneksi jadi buruk? Jaringan 4G+ terdeteksi di bar atas, tapi lag ketika war, memori lega. Hape 5 jutaan, cuma game ini yang di install. Masih aja lag. Rata kanan pengaturan defaultnya, ku turunkan jadi sedang sama aja kualitasnya gt. Padahal untuk nonton YouTube lancar. Satu lagi, fitur highlight kok hilang setelah update. Creation camp juga ada bug di mode brawl, gak bisa masuk match. Mentok di loading match. Harus matikan hp baru bisa batalin match. Tolong sege",1,8440,1.8.20.8941,2023-09-27 09:43:20,,,1.8.20.8941
12,20965bb0-5791-4aed-82ce-a4777572e1ea,Hardika fiki Aldana,https://play-lh.googleusercontent.com/a-/ALV-UjXSMaFgGQ9Q5X4iEO9CfPNfAW2Eq4x4CrDR8SAP1MQRA4E,"Sistemnya sekarang benar-benar kurang ajar, pasti setiap kali dari epic 2 sampai legend 2 pasti reconnect sendiri terus menerus dan tidak bisa masuk ingame, padahal sinyal lancar banget, memori dan ram juga masih banyak. Mohon diperbaiki jangan bikin sistem yang kurang ajar",1,622,1.8.20.8941,2023-10-03 14:39:58,,,1.8.20.8941
13,f644fa5b-3d61-47dc-bdf5-28ecfe4fccb0,Uwais Alqarany,https://play-lh.googleusercontent.com/a-/ALV-UjVNbS-a9KB-FtamtPJzZDTUTIVXAXsT0mtdRed8c11pJyc,"Masalah jaringan tidak nyaman. Sebelum-sebelumnya meski kuning tetap bisa bermain. Sekarang meski hijau, kalau mencapai ping 80 hero nge-freeze, tidak bisa digerakkan. Selanjutnya hanya bisa menonton AI yang memainkan. Menonton itu tidak menyenangkan.",1,589,1.8.20.8941,2023-10-02 23:41:28,,,1.8.20.8941
14,02d9eddd-8038-4606-b9f6-f6ff8003b202,Fitria Ariani,https://play-lh.googleusercontent.com/a/ACg8ocJFrI3nynEnm7fCO470WxWsqRSeoIq9tLPlqj3JexUj=mo,"Sebenarnya game ini bagus, cuman mohon untuk memperbaiki macthmaking nya moonton (terutama pada rekan tim) sehingga bisa seimbang, jangan ngasih musuh yang jago, sedangkan rekan tim kaya bot susah untuk menaikkan bintang apalagi di rank, banyak ku temui rekan tim yang tidak mau bekerja sama ada yang nge feed dari early sampai late game bahkan main semaunya sendiri. Tolong untuk pihak developer untuk memperbaiki sistem macthmaking.",1,6330,1.8.20.8941,2023-09-24 09:07:27,,,1.8.20.8941
15,384f6f20-b903-4754-8574-137f368b6fb3,Andi Peri,https://play-lh.googleusercontent.com/a/ACg8ocLEeZWNXcHv6JUocPCimxp7KP4tPhIztBR39zBPQVTJ=mo,Mobile legen semakin update semakin banyak leg banyak bug. Joistik tiba-tiba gk bisa di gerakan tanpa ada gangguan dari sinyal atau yg lain. Skil makin susah di tekan. Hiro sering jalan sendiri berlawanan dengan analog. Hiro sering cari target sendiri tanpa di arahin.,1,1148,1.8.20.8941,2023-09-27 14:06:01,,,1.8.20.8941
16,cf8191ae-f8ae-4618-a886-24d28de32b25,Bagus dwia Bimanyu,https://play-lh.googleusercontent.com/a/ACg8ocKAkGsYCd-ZJqJ7r9ZBlYKl4-rq1aZbqY-mgxwul2ox=mo,"Sebagai player yang sudah lumayan lama saya menemukan masalah baru yang membuat tidak nyaman berkenaan dengan resource data,tolong fix masalah ini singkatnya saat semua resource sudah di download tetapi sebagian hal seperti tampilan Hero,tampilan skil juga efek suara skill bahkan spell,juga slide yang ada di map tidak berada di sana sebagaimana seharusnya,dan itu sangat menggangu, ini sangat merepotkan mencari data data yang hilang dan memasukkannya sendiri satu persatu, ayolah tolong perbaiki!",3,70,1.8.20.8941,2023-09-30 19:14:44,,,1.8.20.8941
17,75e05f97-8113-4c62-992e-b9157dadcb16,Yu_Aldian,https://play-lh.googleusercontent.com/a-/ALV-UjXpTyX2yQmUjPApuciViIT7qUy64THEYy8m-E-HJSf3SA,"Dari bintang 5 langsung saya turunkan jadi bintang 1. Alasan? Yah masa setelah update malah lag, geraknya UI patah2, respons lambat. Padahal HP saya termasuk range menengah keatas, dengan RAM 8 GB + Extended RAM 8 GB, ukuran ROM juga 256 GB dan memori masih luas aman, tapi gamenya setelah update kok patah-patah,, Memang bagus tampilan UI nya yang baru, tapi developer harus ingat ya, game yang dimainkan online + Realtime, performa jauh lebih penting daripada penampilan",1,3756,1.8.20.8941,2023-09-23 15:41:45,,,1.8.20.8941
18,8350ee01-a369-4623-96e7-611eab92bae6,Myosisistio pramono,https://play-lh.googleusercontent.com/a-/ALV-UjUW1sv7F-Tz5CGW4kOsFjpHbwZuO5s96NhV5-JQhLSZb8g,"Untuk moonton setelah update sistem bulan ini, saya merasa kecewa dengan frame rate, fps, patah¬≤, tidak lancar di lobby. Untuk ram oke¬≤ aja 8Gb per 128Gb, jangan event doang lah yang ditingkatin, syistem¬≤ pelancaran game nya juga penting banget di game termasuk MLBB, saya harap kata¬≤ ini bisa menjadi pelajaran untuk moonton, semoga di perbaiki kelanjutannya, thnksüôè",1,446,1.8.20.8941,2023-10-04 11:49:48,,,1.8.20.8941
19,0e943415-a03e-4573-8220-7ae94ea9a600,Safa Rahmadhan,https://play-lh.googleusercontent.com/a-/ALV-UjWiHXl9ribIhYlKgFB6LUkEKxEuVYKgCAuCZOSgrmIhl8c,"Makin lama terasa berat gamenya. Ditambah setiap update harus ulang unduh datanya. Padahal jaringan saya lancar hp saya juga devicenya bagus, tapi suka terasa lag dan crash saat war. Ngunduh datanya lama banget dsb. Semoga kalau ada update lagi diperbarui tentang sistem match-nya juga biar adil",1,575,1.8.20.8941,2023-09-30 08:00:50,,,1.8.20.8941
20,1b5af227-b4c4-4be1-b70d-c8a687afcc4c,Usman depari,https://play-lh.googleusercontent.com/a-/ALV-UjWfaCPY4SfuNvWjkhPaDw0m1KqzRn-eQF8XJR0jQ4zWg0-f,"Apps nya makin parah, saya main costum, bisa 1 jam gak masuk pertandingan, dan saat di restart login,/tutup apps dan buka kembali. Secara otomatis login untuk masuk pertandingan tapi bisa stak di loding 20‚ÑÖ sampai berjam jam. Dan begitu seterusnya. Game makin kacau",1,545,1.8.20.8941,2023-09-29 14:23:58,,,1.8.20.8941
21,b2570ab1-1bef-4896-93b8-7539fdfa7a1f,Tya Ajah,https://play-lh.googleusercontent.com/a-/ALV-UjWjX6ODJmxXatUN5AlmQoF3M25n66epBjAqbadJfMl0tHM,"Hallo monton def,saya ada beberapa keluhan nih.yg pertama tolong perbaiki sistem machmacking(terutama pada rekan satu tim)karena beberapa mach saya sering kali menemukan player yang sudah sangat pro dan hebat,sedangkan saya masih pemula.pada sistem jaringan yang kurang baik dan pembawaan game nya yg terasa sangat berat serta device yg jauh di bawah rata rata.",1,205,1.8.20.8941,2023-10-09 06:47:21,,,1.8.20.8941
22,e330b6f8-80fc-4696-9fa0-f7f044174ade,Nafisa Wafiq,https://play-lh.googleusercontent.com/a-/ALV-UjWngu1z-LOkZNLhCHz4Uw9RW4yw5kr1EvJaFQM7cwzRSt0,"Tolong diperbaiki soal rekan tim. Tidak masuk akal jika tiba"" lose streak padahal awalnya selalu menang. Jika hanya karena mempertahankan medal, lebih baik rank itu sendiri dihapuskan atau sebaiknya dikelola dengan baik. Mengingat game ini banyak dimainkan. Tolong kenyamanan player diutamakan dari untung kalian sendiri. Dark system sangat mengecewakan.",1,339,1.8.20.8941,2023-10-04 19:08:02,,,1.8.20.8941
23,dcdaf7d7-e732-47e8-b895-595bc106bba0,Dimas Aris,https://play-lh.googleusercontent.com/a-/ALV-UjVoOA2f7mhNURDlba1yh-Qli0FsAtwFceioTIVUCLjEUA,"banyak bug di season 30 iniii,sering muncul mengunduh konten padahal udah di unduh semuanyaaaa,total kapasitas sudah 16 GB an,apalagi yang harus di unduh?,dan gambar heronya bulat,burik ga enak diliat tolong perbaiki,bikin kami gak nyaman bermain,dan gak mau main lagi,mending balikin aja donlod data yang dulu,yang bisa di pause,ga kayak gini,tiap login di suruh donlod data terus,terus stuck disitu ga naik naik",1,166,1.8.20.8941,2023-10-10 22:38:00,,,1.8.20.8941
24,c87fc2b6-baa3-4f5e-a2c3-3289d1c0e1f9,Ferdi Yahya,https://play-lh.googleusercontent.com/a/ACg8ocJT_109Jx1IvVE7EoylNrRFhKnT1bP1qOxlRAOmnYGF=mo,"ini game kenapa si? habis update & pembaruan ke versi terbaru malah makin banyak bug nya, mulai dari cek resource yang macet kalo ga gitu hero masih pada bulat padahal semua data sudah di download, makin kesini ML makin buruk aja, kualitas buruk data apk besar, ga faedah!!! besok¬≤ kalo mau update di cek dulu apa ada sistem yg bermasalah atau kurang",1,289,1.8.20.8941,2023-10-06 02:45:03,,,1.8.20.8941
25,6933e915-9cf2-4bb7-b431-99f6f5e28506,Dr. Christopel Sinaga,https://play-lh.googleusercontent.com/a/ACg8ocKS-FV0MQ0eef_6OI6ngeRj_FAKdw_mAlzOxFFBYCFm=mo,"Beberapa kekurangan game ini: 1. Banyak pemain nge cheat/bot yg terkesan sengaja dibiarkan agar org2 tertentu menang dan memiliki statistik bagus 2. Jaringan kurang bagus dan tidak fair antar masing2 player. Terkesan ada player yg diberikan akses jaringan lebih baik dari yang lain 3. Statistik terkesan sudah diatur sistem. Ketika anda menang, selanjutnya akan dipersulit pada game berikutnya dengan modus, digabung dengan pemain2 statistik jelek, jaringan dibuat lag, banyak gerakan otomatis.",4,3451,1.8.20.8941,2023-10-03 14:58:01,,,1.8.20.8941
26,7084cc8b-272f-45ae-8578-c5266d199f48,Noera 174,https://play-lh.googleusercontent.com/a/ACg8ocKmvpJmxJNzG9IT1hh4rRdGXCroAOB0XJ_OMNYNfeWu=mo,"Matchmaking tidak seimbang!, sering di pertemukan dengan tim bot sementara musuh nya pro, jaringan bagus tapi saat dalam pertandingan jaringan menjadi merah Seperti saat saya sedang bermain awalnya ping saya 20ms tapi tiba tiba ping saya langsung naik menjadi 300ms seperti itu terus.. jaringan tidak stabil !, ping naik turun terus menerus membuat saya kesal!",2,130,1.8.20.8941,2023-10-11 10:51:26,,,1.8.20.8941
27,0dbf4694-0a3d-4b3e-a615-b5cf097198c4,Ktek alas,https://play-lh.googleusercontent.com/a/ACg8ocJoqqdhFhjWLYa7v17TERwaenvd49QJB-PWWRAFbNiG=mo,"Untuk Moonton tolong perbaiki masalah jaringan karena banyak bug jaringan yang saya alami padahal saya sudah memakai WiFi yang bisa untuk bermain game"" seperti ini, saya sudah mencoba melakukan double koneksi wifi & data tapi tetap saja masih terasa lag, dari memori internal saya masih luas 68gb tetapi game seperti terasa berat dibandingkan S29.",1,363,1.8.20.8941,2023-10-03 02:08:58,"Dear Hero,
Maaf atas ketidaknyamanan ini, silakan coba ganti jaringan terlebih dahulu. Jika Anda masih tidak dapat terhubung ke game, silakan hubungi kami melalui CS in-game atau email, sertakan ID game, ID server, perangkat, dan tangkapan layar agar kami dapat menemukan penyebab masalah Anda dan memberikan solusi yang akurat.",2023-10-04 03:12:28,1.8.20.8941
28,6c81fd1d-0da8-4baa-9774-f91be3b2c913,Meira Arika,https://play-lh.googleusercontent.com/a-/ALV-UjU7S5ot8CyhPDnSj4V0mzdSkkEZss3L99oGMNHORhRQlR8,"Tolong kembalikan performa Mobile Legends seperti dahulu. Saat sinyal tidak mudah jumping-jumping. Tolong sesuaikan tim sendiri dan tim lawan. ""Tolong berikan kami lawan yang seimbang, tidak mudah namun tidak mempersulit..."" Juga untuk data jangan terlalu besar. Handphone ram 3gb mengkis-mengkis (sesak) :d",4,19931,1.8.8.8811,2023-08-09 15:42:44,,,1.8.8.8811
29,5b7014cd-5a1b-4801-87b6-a81030470a34,Yana Firmansyah,https://play-lh.googleusercontent.com/a-/ALV-UjUYM3y1nyWINldcY_lI6fRAFy3MXKZbPW1ePECxnWNY,Gimana mau maju . Memori yg di gunakan sampe 4gb . Katanya update biar bisa memiliki pengalaman bermain yg nyaman . Nyata nya itu hanya untuk yg punya gadget yg maewah dan canggih . Buat kaum HP kentang lag tidak teratasi padahal udah setingan smooth . Perubahan yang sangat mengecewakan .,5,8987,1.8.8.8811,2023-08-23 14:35:13,,,1.8.8.8811
30,6841259e-5ae9-4501-9cf9-efa821a26f1a,Yarahman,https://play-lh.googleusercontent.com/a-/ALV-UjVVRjesl3WphN3Dq8Tarj6Vk-oycCjlNGpaib5A72xOQ3I,"1.Terlalu banyak bug 2. Update nya terlalu mendahulukan event,daripada sinyal padahal eventnya tu..itu itu saja setiap tahun 3.dark system meresahkan, merugikan pemain lain bahkan saya sendiri. 4.speed modenya gak terlalu berfungsi, sama aja kayak gak speed mode. 5. Untuk sinyal sama seperti no2, lagnya terlalu berlebihan, saat main lagnya tidak berhenti sampai karakter tidak bergerak, bahkan diberi peringatan"" anda tidak aktif 2 menit maka akan diberi sanksi"". Semoga bisa diperbaikiüôè",4,4306,1.8.8.8811,2023-08-20 00:11:27,"Dear Hero,
Terima kasih atas tanggapan Anda.
Silakan hubungi kami melalui CS dalam game, ini akan membantu kami mengumpulkan informasi yang lebih detail sehingga kami dapat mengidentifikasi masalah secepat mungkin. Bantuan Anda akan sangat membantu kami untuk menyelesaikan masalah dan kami sangat menyesal atas ketidaknyamanan yang ditimbulkan.",2022-07-16 10:07:01,1.8.8.8811
31,02509892-c8df-4e8d-88b5-33c2e54623d7,Zulkifly Siregar,https://play-lh.googleusercontent.com/a-/ALV-UjVaOuQ9m1uSbWE2n8QyBxUUoQugDwesK8oYtzAxS2ok1Ao,Untuk keseluruhan sudah bagus. tapi setelah update ada beberapa yang harus di perbaiki. 1. Terlalu banyak bug 2. Machtmaking tak sesuai 3. Perkara jaringan/sinyal yang suka lag/tiba2 hilang ketika saat war. Sekian Dari Saya Dan Terimakasih :‚Å†-‚Å†),5,9546,1.8.8.8811,2023-09-13 12:13:56,,,1.8.8.8811
32,2846cb5c-0c84-4353-a9fa-dcbc34568acb,Wisnu Miftahul Khoer,https://play-lh.googleusercontent.com/a/ACg8ocLipjHufdXe6CJqrzu4Se9jNuNBDe_pk3H43bOLbG6N=mo,Untuk keseluruhan sudah bagus tapi nih masalahnya 1. Terlalu banyak bug 2. Machtmaking tak sesuai 3. Perkara jaringan/sinyal yang suka tiba2 lag ketika war 4. Update yang terlalu berat untuk beberapa device 5. TOLONG HAPUS DARK SYSTEM MOONTON! Sekian Dari Saya TerimaKasih :),3,7401,1.8.8.8811,2023-08-22 15:33:51,,,1.8.8.8811
33,77d94241-4cc5-42fb-a382-bee82e97e6e8,Rival Gin,https://play-lh.googleusercontent.com/a-/ALV-UjVs71kRhMhAHz7VpC1JOrL1VFqJttUiIy0GJSayP6ChmyE,"Sistem memulihkan skor kredit yg dibatasi perharinya sesuai tingkat pelanggaran kurang adil buat saya di daerah yang sering bermasalah jaringan. Saya tidak masalah di hukum AFK karna jaringan bermasalah, tapi memulihkan skor kredit yang sangat lama membuat saya kesal karna tidak bisa menggunakan mode RANK. Pengen mengetik, dikit2 s3nsor",5,998,1.8.8.8811,2023-09-21 00:54:34,"Dear Hero,
Terima kasih atas tanggapan Anda, sudah kami catat. Kami akan membahas masalah dengan serius dan berusaha untuk meningkatkan pengalaman game yang sesuai. Jika Anda memiliki pertanyaan atau saran lebih lanjut, jangan ragu untuk menghubungi CS in-game, kami akan membantu Anda sesegera mungkin.",2022-06-12 11:02:37,1.8.8.8811
34,f13ac343-7fc5-43fb-9cee-f80da91c046f,Aku Zxevan,https://play-lh.googleusercontent.com/a-/ALV-UjW4dHuo8kPRaejsr6zHvU6UHYAcJh97yw26XipPYPr_2Q,"Setiap main pas di loading main pas baru mulai harus nunggu bisa sampe 5 mnit lebih, terus ada suara ""nging"" padahal hampir grafik semua hampir rata kiri, resource aja pilih 1. Dapet tim diranked bagus diawal 1 match dpt bagus giliran match ke2 smpe setrusnya dpet dark system, dapet tim ngetroll, yang match nya masih puluhan lah. Grafik hampir semua rata kiri kok masih bisa frame, freeze. Ini saya kasih bintang 1 semoga diperbaiki, yang di fix itu sistemnya malah byk event sama update.",1,259,1.8.20.8941,2023-10-03 17:07:16,,,1.8.20.8941
35,7f82b9eb-78b3-4097-904a-e18bfeda1bfa,firman pratama,https://play-lh.googleusercontent.com/a/ACg8ocLyrvHoQ_wxpnejlYKID5VDb61vg6TE-LWGg89klAEt=mo,"Teruntuk untuk moonton di mohon perbaikan jaringannya yang tiba"" nge jumping, dan juga perbaiki sistem matchmaking nya agar saat bermain game di temukan dengan musuh yg seimbang masa tim kek bot musuhnya jago, jangan update event mulu tpi sistem ga pernah di update klo gini trus nnti ni game bakal jadi game rating terburuk.. Moga di responüôè",1,170,1.8.20.8941,2023-10-07 01:40:52,,,1.8.20.8941
36,23a3043c-2151-4944-a0b4-847c05bb31a3,Yuji,https://play-lh.googleusercontent.com/a/ACg8ocJxKHPBZeGRtRB771iut-FIKeOI0861H_B4WkP8OOFS=mo,"Matchmaking yang sangat buruk khususnya untuk player solo/ketika main solo, seringkali mengalami pertandingan yang sangat-sangat tidak adil, sebenarnya main untuk have fun saja, kalah juga gapapa tapi kalo sistemnya dibikin semacam 1 vs 5 ya gabisa fun haha Memang sih Mobile Legends memegang puncak hierarki game mobile khususnya diasia, tapi kalo sistemnya terus-terusan seperti ini ya...entahlah. Untuk masalah yang lain masih bisa ditolerir, tapi tidak untuk matchmaking (‚Å†*‚Å†_‚Å†*‚Å†)",1,84,1.8.8.8811,2023-09-28 09:10:06,,,1.8.8.8811
37,e7339984-06ee-4b9a-a3ae-f83177d0ac2c,Yeni Widya,https://play-lh.googleusercontent.com/a-/ALV-UjV0B8sVWG5UA7NrLI6p1sllDdjTMMa0UsdWPqz3glpT8MA,"Sebenernya udah bagus dari segi game. Cuman kekurangan nya banyak, jaringan suka hilang pas lagi main, Pas mau mulai dapet lawan yg gak seimbang, unduh resource nya terlalu memakan memori, suka patah2 pas main/ lag. Tolong ya diperbaiki lagi, saya sebagai pemain di game ini kadang cukup dirugikan . Jadi tolong dipermudah. TAMBAHAN : "" INI KENAPA YA JARINGAN SAYA MERAH KUNINGELULU PAS MAIN, PADAHAL SAYA PAKE WIFI. DARI KEMAREN2 GAK BERUBAH2 KEK GITU TERUS, PADAHAL SEBELUMNYA UPDATE BAGUS AJA!",3,1022,1.8.8.8811,2023-08-11 07:44:19,,,1.8.8.8811
38,cf8c7652-db29-4579-b280-46bba051a635,Ririnn F,https://play-lh.googleusercontent.com/a-/ALV-UjVKersIpN9XKukQOvQmSZK09umP6F4WO2tEbYn18eyIDg,"Di aplikasi nya sering nge lag apalagi pas lagi war, tulisannya jaringan buruk jaringan buruk, padahal sinyal hp bagus. Bikin kesel anj. Jangan cuma skin aja yang di upgrade tapi kenyamanan pengguna nya juga. Percuma banyak skin kalo pas main aja sering lag. Terus matchmaking ga seimbang. Gila ini game ngaco, skin doang diperbarui tiap bulan dan otomatis memori nambah tapi permasalahan yang lebih penting ga diperbaiki.",1,734,1.8.20.8941,2023-09-24 13:22:38,,,1.8.20.8941
39,20a7b96f-4a44-4cf5-987d-dde2bb6f6174,Rangga Syahputra,https://play-lh.googleusercontent.com/a/ACg8ocKG4poujKOqYSZLIxXJV4O8_pAT2kR8zxpvb5CbK4z5=mo,"Ini kenapa ya, setelah update ko malah jadi gajelas yah,kenapa setiap saya ingin bermain rank/classic setiap loading di ingame ny ko malah ngelag yh?? Padahal pake wifi dan keadaan sinyal ny juga bagus,tiba2 keluar ke lobby,tetapi tidak hanya sekali,match ke 2 juga sama ngelag tetapi tidak keluar lobby?? Mohon kepada developer di perbaiki yang sebaik2 ny",1,377,1.8.20.8941,2023-09-27 13:59:38,,,1.8.20.8941
40,5d086053-69f3-42b7-bfc9-c71bbab5bf43,Naafi N,https://play-lh.googleusercontent.com/a-/ALV-UjU_zlsvgRnabUixkVmCqcEw7zyBbeS7Rm3O0AOk0QypsA,"Setelah update malah jadi jelek banget, bug di mana-mana. Resource skin dan hero sudah didownload 100% tetapi skin dan hero tetap saja tidak dapat dilihat. Dari lobby sampai ingame bentuk hero masih saja bulat biru seperti saya sebelum mendownload resource dalam game. Mohon moonton diperbaiki secepat mungkin bug ini.",1,176,1.8.20.8941,2023-10-05 00:15:57,"Dear Hero,
Terima kasih atas tanggapan Anda.
Silakan hubungi kami melalui CS dalam game, ini akan membantu kami mengumpulkan informasi yang lebih detail sehingga kami dapat mengidentifikasi masalah secepat mungkin. Bantuan Anda akan sangat membantu kami untuk menyelesaikan masalah dan kami sangat menyesal atas ketidaknyamanan yang ditimbulkan.",2023-10-05 03:31:31,1.8.20.8941
41,6a6b1a15-5e93-489d-81bd-377094028537,ivan_shop 17,https://play-lh.googleusercontent.com/a-/ALV-UjUGa3H-t_FicNpoTkON92zMKRpvFbL2C63HX-Nj-rypv48,"Untuk match terlalu ekstrim banyak orang ga jelas ikut main, bikin susah naik rank. Lebih disaring lagi untuk match. Bedakan berdasarkan match. Sinyal jaringan terlalu parah. Ga ada sistem buat stabil jaringan. Game buruk ga bisa membedakan mana yg feed mana yang ga bisa main. Tolol!!",1,3610,1.8.8.8811,2023-09-10 04:22:17,,,1.8.8.8811
42,d9119389-7fd0-45cd-8dc4-eb41c254f82f,YUDISTIRA DWI SATRIYA WIBOWO,https://play-lh.googleusercontent.com/a-/ALV-UjWDmxoXHPS_lBY2Y9Th-qHVgCNW0-LFBY3jElSbHi33eA,"Gak usah lah bagi bagi data yang didownload, bikin bug aja mulai dari gak bisa lihat demonstrasi skill, beberapa bagian hero jadi bulat, data hilang sendiri padahal gak ngaktifin pembersihan skin, kalo bisa ya kembalikan kalo gak ya dioptimalkan fiturnya biar gak ada bug lagi",1,186,1.8.20.8941,2023-10-03 15:11:46,"Dear Hero,
Mohon maaf atas ketidaknyamananya ya kak. Kami berharap kakak bisa memberikan tangkapan layar atau informasi yang lebih spesifik melalui CS in-game untuk membantu kami mengonfirmasi masalah yang dialami. Kami akan mengumpulkan feedback kakak untuk terus meningkatkan game menjadi lebih baik.
Terima kasih!",2023-10-04 03:09:56,1.8.20.8941
43,1112e55b-d0e7-4626-9b18-a36e4dd0969c,Mochammad Hasby,https://play-lh.googleusercontent.com/a-/ALV-UjX6pkcWswoCaIWlq5vQFvClI_zPAXAfeaN6JCJnd2DQRMU,"Akhir akhir ini setelah update ada beberapa bug sinyal jadi gak stabil padahal sinyal wifi lancar, kursor analog dan skill terasa berat perlu effort buat menekannya, terlalu sering dapat rekan tim AFK dan Troll serta match making di mode apapun gak imbang tolong perbaiki terutama MATCHMAKING DAN SINYAL. Tolong segera perbaiki atau bakal berhenti memainkan MLBB !!!",1,1401,1.8.8.8811,2023-09-02 05:05:31,"Dear Hero,
Terima kasih atas tanggapan Anda, sudah kami catat. Kami akan membahas masalah dengan serius dan berusaha untuk meningkatkan pengalaman game yang sesuai. Jika Anda memiliki pertanyaan atau saran lebih lanjut, jangan ragu untuk menghubungi CS in-game, kami akan membantu Anda sesegera mungkin.",2023-09-02 10:47:52,1.8.8.8811
44,662061ab-0e49-497f-b1e7-6320ca171b1e,Ilham Firdaus,https://play-lh.googleusercontent.com/a/ACg8ocJ2rpIY01TwPqobCXPAXz1zTDhgLiM3zADTNJsSNr_c=mo,"Yang menjadi kendala saat saya memainkan game ini adalah sistem matchmaking, season kemarin dan season ini sangat sulit mendapatkan tim yang bisa main, menang hanya 10 kali tetapi kalahnya sampai 5 kali. Sangat sulit untuk yang sering solo player lebih banyak kalah daripada menangnya. Matchmaking sangat beda dengan season season sebelumnya, semakin kemari sistem matchmakingnya semakin buruk",2,846,1.8.8.8811,2023-08-17 10:20:12,,,1.8.8.8811
45,f7ca2d61-3d2f-49a0-8263-e87bcf6925e5,Gosyen Karawaheno,https://play-lh.googleusercontent.com/a-/ALV-UjVIgjqjINmp-qme_40Wsj_DXrossYpfp9C7GUL3sMGYTvw,"Oy kenapa habis update malah frameratenya sering drop? Ini masalah bug atau emg servernya ga stabil? Jaringan udah bagus pake wifi super cepat. Kenapa malah in game fps sering drop apalagi pas war. Ini kendalanya terjadi sehari setelah update patch baru, tolong di perbaiki yg perlu diperbaiki ya developer.",1,3748,1.8.8.8811,2023-08-13 15:48:57,,,1.8.8.8811
46,d705b8a5-3701-48d2-8580-9fe65d056373,Fairus rvldy Gaming,https://play-lh.googleusercontent.com/a-/ALV-UjWb8qQX4Dk12FkZVLupz5v4tZDy_pGJOpQB2jaLBO6DDA,"Ada faktor di game moba yang saya review antara lain :  1 . Tolong perbaiki sinyal terutama untuk kenyamanan saat bermain , kalo saya review di comment mobile legend kendala utama yaitu sinyal dan itu benar ..  2 . Untuk update itu sudah bagus dan tidak masalah tapi lagi-lagi permasalahan nya yaitu sinyal dan itu benar .. 3 . Kenapa update disetiap season itu tolong dikurangi dan perbaiki saja soal update yang mempengaruhi tiap player seperti sinyal yang naik turun kadang ( 20 ms /288ms )",1,1055,1.8.8.8811,2023-08-11 02:45:44,"Dear Hero,
Terima kasih atas tanggapan Anda, sudah kami catat. Kami akan membahas masalah dengan serius dan berusaha untuk meningkatkan pengalaman game yang sesuai. Jika Anda memiliki pertanyaan atau saran lebih lanjut, jangan ragu untuk menghubungi CS in-game, kami akan membantu Anda sesegera mungkin.",2023-08-17 06:57:56,1.8.8.8811
47,d2a551a3-74e3-4013-884f-9e5d44ea839c,Fwimz,https://play-lh.googleusercontent.com/a-/ALV-UjXb3tjinlGiNvHZiSV1isUye6BdAjBxjQMpvjRWTyAfXKI,"Dari semua game yang pernah kumainkan ini game menempati urutan pertama masalah jaringan terburuk, dan sangat tidak stabil. Bahkan game fps seperti codm ping stabil di 40 dan meskipun ping jump ke 70 hanya ada sedikit delay dan tidak terlalu terasa l, bahkan saat di ping 80 aku tidak merasakan satu pun masalah dan sering tidak sadar jika tidak melihat ping yang ada di angka 80. Juga terdapat banyak bug, seperti: saat jaringan down game nya terus menerus loading untuk menghubungkan keserver",1,1276,1.8.8.8811,2023-08-17 09:39:22,,,1.8.8.8811
48,aa2126cd-0464-493d-898b-a2ef5ea7fdde,Ryan Setiawan,https://play-lh.googleusercontent.com/a-/ALV-UjXghHP3EDHDi57z_Ab8dN1wWcvESDYFPk0qomnliKOnzg4,"Tolong diperbaiki sinyal dan kapasitas penyimpanan disetiap hp android tertentu dan matchmaking yg lebih seimbang. Untuk teks terkadang masih suka bug untuk menyampaikan pesan ke teman selalu diberi peringatan oleh pihak moonton,mohon dikoreksi lagi jika mengandung kata2 kurang sopan / sara gpp di ban untuk sementara",5,2434,1.8.8.8811,2023-08-10 00:15:55,,,1.8.8.8811
49,1c866f7b-e8b4-475f-87e7-775460d7cd8a,destyo prihastomo,https://play-lh.googleusercontent.com/a-/ALV-UjWJYXxOjBvyoO3kYHzS6CqWYAhsgp8Inrn6SrlRdN33jWw,"makin lama makin bosen karena dapet tim yg g bisa maen, maen game bukannya bikin seneng malah bikin orang emosi, suka ngeframe jaringan sering merah jg padahal udah di setting paling rendah. tolong di perbaiki lagi buat semuanya biar kita maennya tuh seneng g emosi terus, cari lawan yg seimbang jangan di lihat dari level ranknya aja. tapi percuma ngomong panjang lebar tapi g ada jawaban apa pun dari pihak moonton.",1,2,1.8.21.8943,2023-10-17 16:51:34,,,1.8.21.8943
50,b38a8d90-23d0-4d28-841c-5283fd103b1d,Sesshomaru 95,https://play-lh.googleusercontent.com/a-/ALV-UjVWJEhaBAt94mP_XlgsU_1t2ac004l8YnYdqjFj60L1MWw,"Sinyalnya sangat aneh sekali padahal double jaringan wifi+seluler. Sangat tidak stabil, sering merah sendiri tanpa alasan yang jelas. Bhkan ini Mlbb update jaringan terburuk. Katanya sudah di fixs. Tapi blm ada perubahan. Sangat tidak nyaman sekali. Padahal double jaringan dan spek hp sangat mendukung. Cukup kecewa dengan jaringan. Kalau masalah tim cukup adil kok. Cuma jaringan nya sangat parah. Turnamen agustusan pun jadi tidak maksimal performa nya. Agustus ini sangatlah buruk untuk jaringan",1,1812,1.8.8.8811,2023-08-24 11:34:50,,,1.8.8.8811
51,d89741b2-f371-4ae6-a637-3be7182e51a5,Fairel Anjani,https://play-lh.googleusercontent.com/a-/ALV-UjXjXMhxUsJHKqb3nJrqiC-xSB1APR3guMMZbuVhGB3gDg,"Bagus sii tapi kenapa Lost streak terossss kadang menang kadang kalah. Pun banyak yang ngecit. Gw pernah kena dark sistem kalah sampe 10 kali.diperbaiki bug bug nya juga. Dan perbarui sistem pertandingan agar imbang dengan lawan.semoga di perbaiki ya üòäüëç. Gua kasih bintang 4 gara gara banyak bug""terimakasih""",4,2067,1.8.8.8811,2023-09-03 12:00:33,,,1.8.8.8811
52,c98907c5-df74-4466-95b3-44df5e448708,Yayan Setiawan,https://play-lh.googleusercontent.com/a/ACg8ocKpl-VDFWd8OeU7UmxLhDRN2NGDhH21RBWziczNRKiL=mo,"Menurut saya ini game moba yang paling bagus sih soal nya kalian dapat berkomunikasi dengan tim untuk menemukan ritme bermain kalian yang cocok, kalo masalah fitur dan grafik sih gak usah di ragukan lagi hehe, soal hero,maps,skin hero nya gak usah di raguin lagi keren"".",5,1343,1.8.8.8811,2023-08-18 10:25:21,,,1.8.8.8811
53,b5a15f6e-267d-460a-8cce-c08254383d80,Dhe Shogun,https://play-lh.googleusercontent.com/a/ACg8ocKKhkA2l6ti7_HS1azgb-yFjCI9hkpEzWX-TaqvLbg-=mo,"Saya memiliki keluhan terhadap game ini, saya selalu mendapatkan tim yang tidak dapat di andalkan dalam permainan, saya mengalami kekalahan sebanyak 7 kali lebih berturut-turut, saya sudah melaporkan nya ke form penyeimbangan matchmaking namun tidak kunjung mendapatkan perubahan, diberi kemenangan pun hanya 1 kali dan pada pertandingan berikut nya kekalahan terjadi lagi. Maka dari itu tolong untuk memperbaiki ""algoritma"" yang telah di janjikan berkali kali itu.",1,1047,1.8.8.8811,2023-08-08 12:26:47,,,1.8.8.8811
54,db1d0cc8-b86b-4a81-97d7-f238cbcd96a6,cakra dista,https://play-lh.googleusercontent.com/a-/ALV-UjUbdY51EuISJfQPsxxuATXuH3fceQ_FKJn5STik-GORoQ,"Tolong Devoloper kalau di mode Creator Camp, aku kan baru edit edit permainannya dan aku buat untuk umum pas udah mulai dan di pertengahan yang ada gambar gambar Hero musuh dan tim pas itu malah ada lag padahal sinyal bagus gw coba buat kaya gitu lagi 3 kali tetep gak bisa bisa tolong di perbaiki!",1,169,1.8.20.8941,2023-10-01 07:09:03,,,1.8.20.8941
55,4fd198f6-46ad-4bac-ac8b-253aaf86bf98,Rafly Firdaus,https://play-lh.googleusercontent.com/a-/ALV-UjWh-OS1ulqfA8jYfqjtVQdalJPGuoQcW5WBGARFQw7N_w,"Pliss lah muntun, tolong apa kek perkecil memori game nya, untuk player dengan HP RAM 4 juga susah buat main, sudah patah2, lag pulak. Keseluruhan sudah bagus, hanya masalah memori saja. Itu sudah cukup. Kalau memori makin menambah, makin banyak player ML pensiun main game ini.",2,4495,1.8.20.8941,2023-09-21 09:48:07,,,1.8.20.8941
56,c8d0727a-38fb-4242-b19a-e003b3e4ab6d,Eriko Aja,https://play-lh.googleusercontent.com/a/ACg8ocKbE-DFoEfU1uCQ7kOxhQ6yIgEVzGATa8dR9lXnN6vy=mo,"Halo mooonton tolong di perbaiki sistem match making dan juga optimasi jaringan karena pengalaman saya saat bermain itu selalu mendapatkan tim yang tidak seimbang dan juga jaringan yang selalu tiba tiba ada nge lag padahal sinyal nya sedang bagus kalau di buka apk lain dan juga tolong di perbaiki bug banyak bug yang menggangu player, YANG PALING PENTING ADALAH SISTEM MATCHMAKING YANG TIDAK SEIMBANG TOLONG DI PERBAIKI!!",4,558,1.8.8.8811,2023-09-14 13:29:20,,,1.8.8.8811
57,729a4424-fd92-420e-8c09-15161117eed0,Aldy PW,https://play-lh.googleusercontent.com/a-/ALV-UjWvGbZHBSgvFfLZjp9TyE-twOW7y0hzuq1zjGe8wpCayek,"Tiap Log in Pasti Ada saat dimana selalu Recconecting Di Tampilan, update pembaharuan saat ini. Sehingga mau tidak mau harus On Mode Pesawat lalu hidupkan data kembali. Sedangkan Tes Menggunakan Aplikasi Lain Scroll dan Nonton Normal dan Lancar.",1,1426,1.8.8.8811,2023-08-13 07:15:00,,,1.8.8.8811
58,cfd2acaf-96bd-49a9-8b8c-7f15a3b22838,youandme,https://play-lh.googleusercontent.com/a-/ALV-UjUZGaTFdUrk1QmSWD3CLIir_4u5BSy2kIiOe-Xl6KehnFo,"Game buruk, system matchmaking game paling buruk yg pernah ada, penyeimbangan tim tidak setara. Setelah win 1x selanjutnya pasti lose 2x atau lebih, stuck dan terus berputar"" seperti itu. Jika tidak ada perbaikan mengenai penyeimbangan matchmaking, game ini akan menjadi game moba dengan matchmaking terburuk yang pernah ada.",1,1889,1.8.8.8811,2023-08-12 18:21:42,,,1.8.8.8811
59,95fa1283-3def-4dce-b07d-441e95cc5e21,Random People,https://play-lh.googleusercontent.com/a-/ALV-UjVFUgfUQpEWY6e5API81eNMJvjlM1RECZMdzI_hnAIjzA,Aku agak kecewa sama moonton. Ini masalahnya ada banyak yang harus di revisi seperti kontroler yang ngebug misal nya itu jalan sendiri atau tidak bisa di gerakan atau error. Dan untuk permasalahan matchmaking nya cukup serius seperti di rank mhytic honor bisa ketemu lejend atau yang sejenis nya,2,361,1.8.8.8811,2023-09-11 17:04:40,"Dear Hero,
Terima kasih atas tanggapan Anda, sudah kami catat. Kami akan membahas masalah dengan serius dan berusaha untuk meningkatkan pengalaman game yang sesuai. Jika Anda memiliki pertanyaan atau saran lebih lanjut, jangan ragu untuk menghubungi CS in-game, kami akan membantu Anda sesegera mungkin.",2023-09-13 07:35:13,1.8.8.8811
60,6bcbbf7c-de83-45c4-9862-d4a9ee8490fe,AHMADI GAMING,https://play-lh.googleusercontent.com/a/ACg8ocLKe0Dzzdhy1IUPetNN1e6LGS6oALR-brGtDgMlrWXa=mo,"Moonton kalo ngasih tim yang bener dong masa tim ngetrol musuh pro¬≤, kasih tim sm musuh yang seimbang dong jangan berat sebelah, kalo bisa perbaiki ni game biar tim nya ga ngetrol terus, makin lama makin ga bener ni game. Tolong secepatnya di perbaiki kalo ga saya hapus aja ni game. Saya kasih bintang satu dulu karena saya belum puas sama ni game . Jangan skin dong yang di banyakin monton, perbaiki juga lah masalah sinyal sama tim nya skin diperbanyak buat apa ga ada gunanya. GAME GA JELAS!!!!",1,646,1.8.8.8811,2023-09-14 10:09:11,,,1.8.8.8811
61,da80bce4-4a0b-470a-b4bd-8a279c2a5d91,Oges Dirgantara,https://play-lh.googleusercontent.com/a/ACg8ocJB-JkuugCuXumvz9mrExooJZ7DnifgMNZdaZsXoZXs=mo,"Di season terbaru ini ntah kenapa performa game menurun drastis, dari lag yang tidak jelas(padahal jaringan wifi+jaringan data seluler sangat bagus), bug analog ga kepencet(analog lepas sendiri dari jari pemain), mode lock hero lepas sendiri waktu ngedash, dan pencocokan matchmaking yang tidak jelas membuat game terasa sulit, dan banyak cheater yang menggunakan rw(room wangi), dk(dukun/cheater yang menggunakan map hack), dod(dodge matchmaking).",1,35,1.8.20.8941,2023-10-12 13:20:16,,,1.8.20.8941
62,96968829-70f4-42e2-990d-7d3f085d7a2c,Djarot Irawan,https://play-lh.googleusercontent.com/a-/ALV-UjULXhip_ykuDdKsQ66zKEafyb3cow-BFA9t2DAfar3IuK0,"Sebenarnya salut banget sama moonton karena ML jadi game yang bagus untuk dimainkan. Namun hanya saja ada beberapa masalah yang tidak saya suka.. yaitu untuk matchmaking tidak seimbang, seharusnya moonton lebih tahu bagaimana suatu tim bisa seimbang.. kemudian pada ping/sinyal terkadang saat sinyal saya merah atau naik ada bug dimana notifikasi ping naik tidak keluar saat ditekan melainkan yang ada hanya sinyal hijau (turun). Mohon diperbaiki kembali",4,85,1.8.20.8941,2023-10-11 16:09:47,,,1.8.20.8941
63,e4b940cf-2720-45f6-a1a8-bb5f71afbb45,Leffi Alfreddy,https://play-lh.googleusercontent.com/a-/ALV-UjU7Sqsr8GkgMc-BIwQPdJHhzDsxNu7MX0X8Lp_bxM3dpGM,"Banyak sekali bug sekarang. Kemaren full udah download semua. Tiba"" Hero ga nampak, skin hilang ga nampak, padahal download an full semua kecuali bahasa. Di bagian menu pun gak ada tampilan hero nya. Tolong di perbaiki.",1,31,1.8.20.8941,2023-10-12 16:31:47,,,1.8.20.8941
64,7f672e2e-6d92-4373-a5c5-8c54fe14a1e6,hadi gunawan,https://play-lh.googleusercontent.com/a/ACg8ocL8zHg9M0N0-hJGrZPb2cz07aPlyWS1jRCvI2GvO086=mo,"Untuk kesekian kali nya tetap Masalah nya selalu ngelaaaaag, saya pribadi sudah menggunakan perangkat yang mumpuni , sinyal amat sangat bagus, akan tetapi masih saja ngelag , saya sudah nyoba bermacam cara , jangan cuma mikirin masalah skin baru atau upgrade even saja , fikirin juga persoalan ngelag , kasih team tak sesuai , tidak seimbang , tolong di tanggapi.",1,2347,1.8.8.8811,2023-08-23 15:50:11,,,1.8.8.8811
65,478cae26-816f-46f8-9b0c-19cd1209ba58,adi rizky,https://play-lh.googleusercontent.com/a-/ALV-UjWJOP5JDc3-2ioidwzFGx2nrpL3FpKfKp5c1wYy_uBJeqw,"Makin lama makin parah lag mulu ketika team fight signal yg semula hijau langsung ngedrop jadi merah, kadang ditengah war langsung ada tulisan menghubungkan ulang padahal sinyal hp dan wifi aman, apakah moonton sudah tidak berfokus pada kenyamanan pemain? dan hanya perduli pada upgrade skin dan hero baru? Padahal masalah utama di game ini adalah performa lag nya yang makin parah dan kalo war rame tampilan jadi patah patah skill dan analog jadi delay dan ujungnya signal drop jadi merah, payah",1,212,1.8.20.8941,2023-09-28 13:40:04,,,1.8.20.8941
66,6134cba0-09b8-4229-8de3-c178d2fc29f9,Ardi Putra,https://play-lh.googleusercontent.com/a/ACg8ocIu45B7kd5NToK8wIs3wJWIisg3nskyORUW5OjU0l22=mo,"Keluh kesah banget nih hari ini, Pliss lah dari pihak moonton tolong kondisi jaringan di stabilin, jaringan saya buat Instagram, youtube, facebook, dan lain-lain lancar aja kenceng kapasitas jaringannya, cuma kalo udah masuk ke mobile legend turun kapasitas kecepetan jaringannya drastis, dan gua jadi afk keluar dari game, dan 1 lagi kalo nge-macht musuh atau rekan tim yang sesuai lah, masa di tim gua bot, mm kill 0 exp kill 0 musuhnya keenakan gua sebagai user hyper capek.",2,30,1.8.20.8941,2023-10-10 15:50:04,,,1.8.20.8941
67,f47373a9-6a57-463a-8268-910189944211,Tok erik,https://play-lh.googleusercontent.com/a/ACg8ocKMfdXPdRmQwwcJzX0TsVYeTL8LNLE4eS0vZ5jJvcc4=mo,Game ini bagus tapi Banya keluhan yg moonton harus tau 1. Terjadi banyak bug yang meresahkan 2. Musuh tidak sesuai dengan tim 3. Terkadang jaringan yang stabil tiba tiba jadi buruk padahal sinyal nya baik 4. Saat pemilihan hero taerkadang banyak lag sehingga tidak bisa memilih hero 5. terkadang macet macet jadi susah gerak dan klo g cepet bisa di kill musuh 6.Setelah di update lag fan bug semakin parah 7.Saat main gambarnya diam g bisa gerak tau2 ny udh selesai dan jadi AFK padahal gd niat AFK,1,617,1.8.20.8941,2023-09-21 13:42:24,"Dear Hero,
Terima kasih atas tanggapan Anda, sudah kami catat. Kami akan membahas masalah dengan serius dan berusaha untuk meningkatkan pengalaman game yang sesuai. Jika Anda memiliki pertanyaan atau saran lebih lanjut, jangan ragu untuk menghubungi CS in-game, kami akan membantu Anda sesegera mungkin.",2023-09-22 07:36:20,1.8.20.8941
68,68563f09-5f75-4a99-a8b0-1de41e2988c7,Gilang Gilang,https://play-lh.googleusercontent.com/a/ACg8ocKvYZboc5z7LzN5wmrZ8sF_DiNh2YxWfhOzvy9CvCu1=mo,"Aneh padahal penyimpanan masih banyak masa lag sedikit langsung relog, gameplay ku rusak dibuat mooton,kalau aku jago sigapapa,aku tidak jago mooton ini ada apa si ini winrate udah habis-habisan,masa gameplay pun mau dirusak,dapat yang tim yang tidak kompak terus,dapat lawan tidak kira-kira skill nya, kalau kaya gini terus kapan setiap player ada kemajuan performa kalau dibarengin sama tim-tim yang egois,saya bukan pro player,diluar pemikiran saya kalo dapat tim yang itu-itu terus",1,280,1.8.20.8941,2023-09-26 23:10:55,,,1.8.20.8941
69,1cd15970-c955-4520-8779-68ce09ce5524,Suhael Saputra 7,https://play-lh.googleusercontent.com/a/ACg8ocJ2tSoHvbFZOn0y6eqgd9FMz7JKC-M4d2iUkMvsyYm9=mo,"Halo moonton, saya ada beberapa keluhan nih. Yang pertama, tolong perbaiki beberapa sistem matchmaking (terutama pada rekan tim) karna beberapa match saya sering sekali menemukan player yang sudah sangat pro sedangkan saya masih pemula,sangat sulit rasanya ingin mengejar imortal.",1,658,1.8.20.8941,2023-09-22 07:43:12,,,1.8.20.8941
70,99568140-0511-4288-894b-dbcc46a852c7,Singgih Lasmana,https://play-lh.googleusercontent.com/a-/ALV-UjVrMTj_rFaX2WtHQB7Dve4IlrW4xdYYbmUBm0AvtLPKfA,"Ini update s30 banyak banget bug nya. entah skill gambar telur, potret skin ga muncul, hero grafik low. Padahal di seting grafik nya tinggi. Setiap abis match download ulang fitur"" padahal udah di download semua.",2,132,1.8.20.8941,2023-09-30 03:28:14,,,1.8.20.8941
71,78f9699b-7564-40e5-a206-cd3539e50948,Man Gord,https://play-lh.googleusercontent.com/a/ACg8ocKuzsuBv414QI7Xh3Q9uLUEl4ZUcuOV3np2qPzyq3-_=mo,"Tolong perbaiki lagi untuk jaringan nya,tiba¬≤ selalu jumping,di tambah disaat mencari lawan,itu kadang ga seimbang tim aku sama tim musuh, seimbangkan lagi untuk pencaria mact making nya, terutama dark sistem,itu seperti terus menerus, sehingga saya terlalu banyak kekalahan,baik di mode rank mau pun classic Nick saya:üóøüóøüóøüóø",1,157,1.8.8.8811,2023-09-04 04:43:43,,,1.8.8.8811
72,4646fbf3-265c-48a8-b886-6ec805e1361d,Indri Indri,https://play-lh.googleusercontent.com/a/ACg8ocKWsyXJxl6WmyCDED5DzY_Sf_B1fFr_81l_xw8KPWgf=mo,"Sekarang game nya jadi gk jelas sering terjadi bug padahal sinyal saya lancar' aja tapi malah nge freeze bikin gk mood main aja. WR saya juga jadi turun karna keseringan bug, trus sekarang banyak pemain yang ngetroll klo lagi nge rank jadi susah naik. Tolong buat monton di perbaiki masalah jaringan nya, soalnya saya sudah cape' naikin wr malah jadi turun karena bug. Intinya saya kecewa banget saya ml yang sekarang. Dan tolong hapus drak system nya. Terima kasih",1,297,1.8.8.8811,2023-09-12 12:07:29,,,1.8.8.8811
73,8f181b2b-370b-4b06-94a5-116d081d522b,Dwicky ikok,https://play-lh.googleusercontent.com/a-/ALV-UjXKFT5z8ITC4QaHl5-x6s7hc_xu_xnKt9vw3zslH0UYiv4,"Performa nya agak menurun ya, saya rasa sinyal sering crash secara tiba tiba padahal jaringan & data seluler aman. Itu saya rasakan di dua Simcard berbeda. spek hp aman Ram8/128 apa masih kurang? tolong diperbaiki, termasuk pemilihan lawan main yg dirasa sangat jauh berbeda EDIT TERBARU : sekitar pukul 21.10 tadi saya main dan menemukan lag parah yang benar benar mempengaruhi permainan, sehingga tim kami kalah. Tolong perbaiki wahai Moontoon. padahal jaringan saya normal, sinyal full bar",3,230,1.8.20.8941,2023-09-20 14:47:52,,,1.8.20.8941
74,966a79ed-55d6-435d-90a2-949d153a5e50,Dedev Devita,https://play-lh.googleusercontent.com/a/ACg8ocIRO71pY6lontLvnA3GA2fwpcSlUC1ant3d-6BjSdOo=mo,"Makin kesini, grafik makin di tingkatkan tapi game terlalu berat dan gk bisa semua tipe chipset bisa mainin game nya, apalagi ada yg user RAM 1 jadi makin susah buat login nya, mau nyari yg versi lite pun blm tentu ukuran game bisa lebih kecil, kadang sama aja dan malah terlalu berat buat chipset rendah",3,208,1.8.20.8941,2023-09-23 18:54:01,,,1.8.20.8941
75,f3d595eb-93ce-497a-a170-67c3a01bc674,Sukro Sukro,https://play-lh.googleusercontent.com/a/ACg8ocJLVt7vfB2vNbA8-EKp7XJeVOU-q5foKYR6lhvq38Bm=mo,"Banyak hal yg harus diperbaiki dalam game ini, seperti yg aku alami saat ini, kadang tombol tak bisa digunakan saat mau maju kadang tombol menyerang bermasalah mau gerak sendiri. Memang game ini mengasyikkan tapi banyak masalah apa lagi mengenai lag/bug sungguh sangat mengganggu saat permainan sengit. Kadang mau keluar sendiri tanpa dikeluarkan, begitu saya masuk lagi eehh malah dapat hukuman afk. Sungguh mengecewakan dalam hal ini.. Tolong diralat kembali dengan teliti pihak moonton dgn teliti",3,284,1.8.8.8811,2023-08-20 14:41:26,,,1.8.8.8811
76,75cc217e-2b85-48f8-97a6-62028639c206,Sandra Maulana,https://play-lh.googleusercontent.com/a/ACg8ocIDEVjTGejJixkgrjP7-e9IHhbY-s8ulXYQmIYcX25Z=mo,"Saya kasih bintang satu,kenapa setiap mau main ada kendala ngelag terus padahal jaringan saya sangat bagus,semenjak apk nya d revamp kapasitas nya terlalu berat sehingga saya mau main ngelag parah dan tiba2 keluar sendir ""Tolong ubah lagi seperti dulu Semenjak d update temen2 saya pada gk main game ini lagi karena kapasitas nya yang terlalu berat,dan pas awal mau main suka tiba2 keluar sendiri,ngelag gk jelas padahal jaringan nya sangat bagus,, Saya akan pindah game saja",1,429,1.8.20.8941,2023-09-22 22:01:05,,,1.8.20.8941
77,047cf175-a550-4ba9-b79f-4f8e7f7134a1,Daffa Cipta,https://play-lh.googleusercontent.com/a-/ALV-UjW3kUp6frnCXOG6mBQQEu98dCpXrT7fP0GOPwzTmTwMrSo,"Pengalaman matchmaking yang sangat buruk,bukan hanya saya hampir semua user mengalami hal yang sama,yaitu mendapat tim yang tidak sepadan dengan musuh,musuh terlalu kuat,sedangkan tim berisi player tidak berguna,seharusnya mlbb segera memperbaiki masalah jika tidak ingin peminat dan para usernya berkurang",1,176,1.8.20.8941,2023-09-30 07:53:32,,,1.8.20.8941
78,219da1a3-961e-4a7c-918b-c09508e110bd,Fadil Damar,https://play-lh.googleusercontent.com/a/ACg8ocJ09HDXA402v8y7Ii1UpC_Picfe6iit1qe704fi4jbt=mo,"Game aneh match bapuk dapet tim itu itu mulu sklillnya kasih yg sepadan, sinyal juga kadang ilang, udh pakek wifi + data masih aja di kasih dark sistem, salah satunya saat gw mau maju nyergap musuh, sinyal saat itu lancar, eh tiba tiba dibuat lag 10 detik an,pas gw lihat temen gw maen ml pakek wifi yg sama lancar lancar aja dia maen, jan pilih kasih napa, gw juga pengen naik rank, gitu aja dipersulit, saran saya perbaiki hal tersebut",1,214,1.8.8.8811,2023-09-16 09:08:50,,,1.8.8.8811
79,ada5a6c7-f682-4ea4-97ba-6c417b32c497,Muhamad Rifki,https://play-lh.googleusercontent.com/a/ACg8ocKpLinmLnW75l0kgLL5_erRsGpeZS0qkFX3rB7ktiD9=mo,"Skrng MLBB jdi gmna sih ? Banyak bug nya... Minimal jangan smpe ngebug di loby kek ini event gk bisa di buka, kalau main heronya jadi bola semua padahal download udh semua,,, performa main juga jadi gk seimbang Mulu,,, jadi gk seru pantes bnyk bngt player yg pensiun,,, yang di perhatikan cuman kolab , new skin , revamp doank... Tolong lah di perbaiki permasalahannya biar enak semuanya moontonnnnn",1,161,1.8.20.8941,2023-09-29 22:41:08,,,1.8.20.8941
80,43c59abf-c924-40ad-a716-769df66c99b1,Adi Kurniawan,https://play-lh.googleusercontent.com/a-/ALV-UjUE1GD2wYZK1fhuMB9YPb54tqRC1oeS6XqkCjVvENDP500,"Game paling aneh, dalam segi match up. Main solo 5 kali dikasih team aneh. Semoga kedepannya yang update bukan cuma tampilan in game, tapi gamenya juga. Semoga segenap development tambah bijak dalam menangani masalah-masalah yang udh lama tapi ga ditangani segera",1,212,1.8.8.8811,2023-09-17 04:44:56,,,1.8.8.8811
81,0e7cc51d-f47f-446c-b2be-b4c35c070d9c,dhimas prasetyo,https://play-lh.googleusercontent.com/a-/ALV-UjWS6SkV9VxIxRLw4L5iLZyZ3vXmzSDLfWkSa1qVc-9KpsY,"Tadi pakai hero Aamon kenapa sering sekali salah sasaran Serangnyaa bukan hero lawan malahan ke Minion atau monster terus mau pakai skill 3nyaa udah di pencet gak aktif aktif berkali-kali posisi dekat lagi, terus mau mundur pastinya maju dulu baru mundur, kalo jaringan aman warna hijau sampai pertandingan sampai selesai masih aman Sering terjadi dalam permainan. Terima",1,84,1.8.20.8941,2023-10-06 06:12:20,,,1.8.20.8941
82,051398a0-d977-4551-845c-039064f2af21,Junaid Annuri,https://play-lh.googleusercontent.com/a-/ALV-UjW_n_vWhDInh88gOnIftEmM1uI3LpJ30MWnqfjxrSwS57M,"Update yang tidak berguna. Setelah terhapus dari hp saya dan saya download lagi, itu ga bisa login pas sudah di loby auto keluar dan masuk lagi, gtu terus padahal jaringan disni kecepetan sudah 30+ mbps.",1,0,1.8.21.8943,2023-10-17 11:44:06,,,1.8.21.8943
83,0abcd1cb-1db6-4d29-80f5-7d86c2feab97,hry krnwn,https://play-lh.googleusercontent.com/a/ACg8ocKa3ErSOlyrCjduQagmlq7Mt1JdiTVKuOX6nNhafXwO=mo,"untuk ml versi terbaru ini sangat tidak menyenangkan, game menjadi terasa berat dan rasa ke-moba an nya menjadi seperti hilang karena adanya gambar Hero di depan, terjadi banyak masalah dimana semua data sudah full download tpi hero tetap telor.",1,94,1.8.20.8941,2023-10-02 15:51:38,,,1.8.20.8941
84,beaf12ab-ef17-4c9e-bf5c-759365745474,Muhammad Argus,https://play-lh.googleusercontent.com/a-/ALV-UjUv3CamKAmYu4lPv6k1uXKMEXVt5xDlXV_nV_f_V_3Y,"Gak seru ML,. Kadang sering buat emosi,. Player bocil gak guna,. Tambah lagi sistem Moontoon menurunkan semua player ke LV yang sama,. Sulit buat main serasa main sendiri,. Great,. Gua gak kecewa dan gak akan main lagi,.",1,14,1.8.8.8811,2023-09-28 08:11:53,,,1.8.8.8811
85,9f44bcc1-4599-47dd-a38d-dc7370f70b25,Mahendra Ardana,https://play-lh.googleusercontent.com/a-/ALV-UjU38wY2GZaSBcRMie6IPrXOzS_gty8tymbqOJIzP7KlRm4,"hero bagus, tampilan skin oke, tapi sistem pertandingan gak jelas.10 pertandingan cuma sia sia kalah 9 menang 1. gak cuma itu tim nya beban(noob) sedangkan musuh pro. apakah ini sistem pertandingan game moba? kalau pertandingan gak imbang lama lama player lain pada pensi, jangan update aja yang lancar tapi pertandingn juga harus di perbaiki. terima kasih",1,166,1.8.8.8811,2023-09-14 04:35:54,"Dear Hero,
Terima kasih atas tanggapan Anda, sudah kami catat. Kami akan membahas masalah dengan serius dan berusaha untuk meningkatkan pengalaman game yang sesuai. Jika Anda memiliki pertanyaan atau saran lebih lanjut, jangan ragu untuk menghubungi CS in-game, kami akan membantu Anda sesegera mungkin.",2023-09-14 08:46:12,1.8.8.8811
86,74271d11-1eaa-452f-80f5-93895d72ecbb,Zulfikar Fadhil19,https://play-lh.googleusercontent.com/a-/ALV-UjXutMHW98-FFLhEhXQgZ1Q1aREf2-dgbhPTIegkb4DE98U,"1. jaringan baik dan cukup masih aja lag, kadang ping 34ms tbtb 237ms nya lama banget lalu normal lagi lalu jumping tinggi lagi 2. sistem matchmakingnya gajelas, kebanyakan dapet tim yang gak seimbang, seperti dapet tim yang baru bisa main ML tapi di tier rank tinggi, pas main jadi beban sehingga menyebabkan kekalahan, dan lawannua proplayer yang diatas kita. To Moonton : Tolong di perbaiki lagi dengan segera problem yang sedang dalam keluhan pengguna agar memberikan kenyaman bagi penggunanya.",1,141,1.8.8.8811,2023-09-09 09:44:03,,,1.8.8.8811
87,fb140af3-cb1c-4db2-a856-fe1db084bfca,Muhamad Fajar,https://play-lh.googleusercontent.com/a-/ALV-UjVPPBf8rrjwcp7TxeqsigbYI-z694x4__eUZXbGHc8grCQ,"Ini sehabis update, hero nolan, maen brawl,claisc,rank knp jadi 2-5 detik jaringan merah yaa?terus 2-3 detik hijau yaa? Apa memperngaruh, ketika saya pt5 dgn publik. 1 team sinyal merah semua. Sehabis match, sampe skrg. Malah sinyal gk jelas. Padahal sinyal bar stabil di 3-4...",1,66,1.8.20.8941,2023-10-04 10:01:40,,,1.8.20.8941
88,403b48b4-e333-484f-9850-0ec2483c68ac,reyvaldo,https://play-lh.googleusercontent.com/a-/ALV-UjX3Oivh333EVJSEbucxHPZevOkchd5yBbFrug-rABG-ezA,"Gameplay tidak sesuai, kadang dapat tim yang match nya lebih kecil, dan juga selalu bertemu pemain pemula (dark sistem). Sesuai kan kembali gameplay nya sesuai match dan rank nya terkadang ketemu tim rank sama match beda jauh",3,38,1.8.8.8811,2023-09-19 14:12:08,,,1.8.8.8811
89,d3752f74-cd4c-4f6f-ad45-1112e600df88,Pendekar Miri,https://play-lh.googleusercontent.com/a/ACg8ocIrVKI2wowDEFmIC4CKAXceYUg4DiFPJHpCWawuVYdl=mo,"sinyal bisa tiba tiba hilang, ping naik turun padahal pake wifi yang pake cuma gw doang. Muncul tulisan menghubung kembali setiap mau war padahal dulu nggak pernah. Wifi gw dipake download file besar juga lancar dan cepet, buat main ml malah lag padahal nggak butuh banyak data",1,1431,1.8.8.8811,2023-09-02 07:29:36,,,1.8.8.8811
90,a21447b2-5fa3-4d6a-a915-4d2303fd5c95,Fajar Tafaaul,https://play-lh.googleusercontent.com/a-/ALV-UjWecZs7UGFrpLtlFZdEI9Xamp0zDumlLJbtzMBis8xtBw,"Semenjak diperbarui sering sekali masalah lag disaat war, jadi performa bermain tidak maksimal, karena skill yang digunakan tidak berfungsi, karena hp yang sudah menggunakan prosessor snapdragon 780 dengan Ram 8 GB yang sebenernya masih layak buat bisa mengikuti game yang berkompetisi ini, dilihat dari player yang masih banyak memiliki kurangnya spek yang rendah, sebaiknya game tidak terlalu memikirkan visual yang begitu wah, karena demi kenyamanan untuk seorang player yang bermain",1,11,1.8.8.8811,2023-09-30 03:41:14,,,1.8.8.8811
91,212db9a1-9e2a-40b3-be8e-df0bca0a0489,And ADR,https://play-lh.googleusercontent.com/a/ACg8ocKBanXY1P2DFKbJZStL38pRRNjaAI-85BK_B_WPo8qj=mo,"Kenapa lg ini game. Kalian juga tahu sendiri lah,banyaknya masalah matchmaking game ini. Mulai dari tim dongo,gk seimbang,ngetroll,gk bisa main,dll Ditambah lagi update interface yg bikin gamenya makin berat. Jadi sering lag,ping naik turun,ngeframe drop dah jadi makanan sehari-hari. Hp menengah kebawah mulai kelojotan jalanin ini game, walaupun pakai grafis rata kiri. Tiap update selalu utamain skin,event dan gk memperhatikan kenyamanan gameplay dan keluh kesah para playernya. Entahlah... N bg",1,107,1.8.20.8941,2023-10-04 16:39:03,"Dear Hero, Kami bertekad untuk menciptakan lingkungan permainan yang adil untuk setiap pemain dan terus meningkatkan pengalaman bermain Anda, terima kasih atas dukungannya sampai saat ini, kamu dapat menghubungi kami melalui layanan CS dalam game dan memberikan lebih banyak ulasan dan informasi terperinci. Kami Akan membantu kamu secepatnya.",2023-10-05 03:45:40,1.8.20.8941
92,a9c5b612-4da1-402f-9c0f-53cffd544759,Adryancaa,https://play-lh.googleusercontent.com/a-/ALV-UjVlA_6PBO2Aes4sjwCG_0-KiD0UAEUok2YVenZ2oDJFcbk,"Dark System ? aku ga tau itu benar adanya atau tidak, tapi yang kurasakan saat dalam permainan, aku sering mengalami kekalahan, karena terlalu sering mendapatkan rekan tim tak berguna, dan selalu mendapatkan musuh yang kompak dalam setiap team fightnya, dan satu lagi, setelah update ini, kenapa banyak sekali bugnya, dimana sebagian besar dari tampilan hero, bak seperti telor, dan itu sangat menyebalkan, sama seperti moonton, yang menyebalkan, dan R*S*S",1,3301,1.8.20.8941,2023-09-19 13:15:42,,,1.8.20.8941
93,4bcedfec-624a-4664-aa21-2e91dedda60f,Yoga Pranata,https://play-lh.googleusercontent.com/a-/ALV-UjW7df2-QjhoyD6AXCgbxzD13McOMHNxeWaBdG2_cQlZ_w,Setelah update versi terbaru bukannya makin lancar malah lebih sering mengalami bug ataupun aplikasi tidak dapat beroperasi. Salah satu penyebab pertandingan lose strike sebanyak 12 kali entah itu dimode apapun,1,462,1.8.20.8941,2023-09-21 13:27:42,,,1.8.20.8941
94,d1c2b833-28dc-4a35-899f-c17cd77f3aeb,kelambet kacau,https://play-lh.googleusercontent.com/a-/ALV-UjXz7Q71I-_MBs22i5ayt15ynCEvubozxiv3FnEGkl3rtks,"Sekarang lebih banyak bug. Padahal, sudah semuanya di download data, tapi tiba¬≤ gambar di menu utama hilang. Kalau mau seperti semula, harus hpus game nya, download ulang lagi. Rugi kuota, rugi waktu sekarang cuma gara¬≤ bug yang begini. Udh download semua datanya, tapi tiba¬≤ beberapa gambar, konten, hilang. Cek di download, padahal sudah di download semua.....",1,47,1.8.20.8941,2023-10-04 04:39:44,,,1.8.20.8941
95,64aed16c-38fa-443b-beb1-2531f76e16c5,Dy4x6iOryne,https://play-lh.googleusercontent.com/a-/ALV-UjXi4uNNPsEYyGo_YqM0K3rfqDc7Tp3m5DcEVqQ73k_GDA,"Makin hari makin aneh nih game, udah sistem matchmakingnya gajelas, ngasih tim ga seimbang, banyak bugnya juga, ditambah jaringan yang sering lag. Pliss lah montoon perbaiki semuanya, terutama sistem jaringan, matchmaking, dan bugnya",1,246,1.8.8.8811,2023-08-27 09:41:27,"Dear Hero, Kami bertekad untuk menciptakan lingkungan permainan yang adil untuk setiap pemain dan terus meningkatkan pengalaman bermain Anda, terima kasih atas dukungannya sampai saat ini, kamu dapat menghubungi kami melalui layanan CS dalam game dan memberikan lebih banyak ulasan dan informasi terperinci. Kami Akan membantu kamu secepatnya.",2023-08-27 10:32:53,1.8.8.8811
96,1486bee9-ed1c-4eb1-bab9-e4bf6f41309e,Burohsawit Sawitburoh,https://play-lh.googleusercontent.com/a-/ALV-UjVuhUKCc2HuYRE9jRt_Qmu-n0p39qgWYu9Ap70NL0-6FA,"Banyak bug sekarang di update terbaru 1.tidak bisa memulai permainan pada saat masuk loby,2,matcmaking lama,3,jaringan tidak stabil,,,mana bisa kalok macem gini di update terbaru,,,tolong moonton perbaiki bug"" yng tidak jelas,, üôèüôèüôè",1,337,1.8.20.8941,2023-09-20 15:09:42,,,1.8.20.8941
97,89dfbf4d-e808-4cda-8d1f-08edbea74c6e,Muhammad Rivkil Nur Fadil,https://play-lh.googleusercontent.com/a/ACg8ocJb15MjzcM2BJ-2EPhBwX_ZqeYtCt3g-X1GPcyQGjvi=mo,"Game nya jelek banget, sering lag saat war padahal jaringan nya bagus tapi pas main game ini langsung lag + merah dan patah-patahh. Dan jangan update terusssssss nanti bagaimana nasib HP yang ram 2,3,4 . Bila perlu tidak usah merilis project next .",1,373,1.8.8.8811,2023-08-18 06:33:03,"Dear Hero,
Terima kasih atas tanggapan Anda, sudah kami catat. Kami akan membahas masalah dengan serius dan berusaha untuk meningkatkan pengalaman game yang sesuai. Jika Anda memiliki pertanyaan atau saran lebih lanjut, jangan ragu untuk menghubungi CS in-game, kami akan membantu Anda sesegera mungkin.",2023-06-21 04:18:15,1.8.8.8811
98,eb968c1b-9431-4a30-b59e-f94eac9d8077,Yodi Kurniawan,https://play-lh.googleusercontent.com/a/ACg8ocIiTQo2bWFbUxfSnXT8QlRab65qrm5nbzaM-0WUOSWt=mo,Untuk kali ini saya memberikan bintang satu di karena di dalam game terjadi banyak bug salah satunya terjadi lag padahal jaringan bagus dan ping dalam game berwarna hijau tetapi di dalam mact ataupun pertandingan terjadi lag saya harap masalah itu bisa di perbaiki,1,435,1.8.8.8811,2023-08-13 15:13:31,,,1.8.8.8811
99,1926570c-4686-4855-aeb3-136989b1705a,ryanto muhammad,https://play-lh.googleusercontent.com/a/ACg8ocKFQlBPnZFl7TRtd_eks4W670zz45KCxBc3-UypKcxW=mo,"Sistemnya gak jelas masa lostreak gara"" dapat tim tukang ngetroll, terus dapat lawan yang kompak. Harusnya kasih rata lah pembagian pemainnya pas waktu mau match masa harus di sengaja di kasih lostreak, kadang juga dapat bot di tim kayak sudah sepi aja yang main sampe ada bot. Intinya saya kecewa aja sudah main capek"" dapat tim yang selalu buat pelanggaran, kalau sekali-kali sih gak masalah, lah ini sampe 5x berturut"" dapat tim yang feeder..",1,327,1.8.20.8941,2023-09-23 05:55:30,,,1.8.20.8941
